<Lems>
    
    <!-- 

        This LEMS file has been automatically generated using PyNeuroML v0.3.0 (libNeuroML v0.2.32)

     -->
    
    <!-- Specify which component to run -->
    <Target component="Sim_TestL23"/>

    <!-- Include core NeuroML2 ComponentType definitions -->
    <Include file="Cells.xml"/>
    <Include file="Networks.xml"/>
    <Include file="Simulation.xml"/>
    
    <Include file="TestL23/Syn_AMPA_SupPyr_SupFS.synapse.nml"/>
    <Include file="TestL23/Syn_AMPA_SupPyr_SupLTS.synapse.nml"/>
    <Include file="TestL23/Syn_AMPA_SupPyr_SupPyr.synapse.nml"/>
    <Include file="TestL23/Syn_GABAA_SupAxAx_SupPyr.synapse.nml"/>
    <Include file="TestL23/Syn_GABAA_SupBask_SupAxAx.synapse.nml"/>
    <Include file="TestL23/Syn_GABAA_SupBask_SupBask.synapse.nml"/>
    <Include file="TestL23/Syn_GABAA_SupBask_SupLTS.synapse.nml"/>
    <Include file="TestL23/Syn_GABAA_SupBask_SupPyr.synapse.nml"/>
    <Include file="TestL23/Syn_GABAA_SupLTS_FS.synapse.nml"/>
    <Include file="TestL23/Syn_GABAA_SupLTS_LTS.synapse.nml"/>
    <Include file="TestL23/Syn_GABAA_SupLTS_SupPyr.synapse.nml"/>
    <Include file="TestL23/Syn_NMDA_RSPyr_SupFS.synapse.nml"/>
    <Include file="TestL23/Syn_NMDA_RSPyr_SupLTS.synapse.nml"/>
    <Include file="TestL23/Syn_NMDA_SupPyr_SupPyr.synapse.nml"/>
    <Include file="TestL23/SynForEctStim.synapse.nml"/>
    <Include file="TestL23/SupLTSInter.cell.nml"/>
    <Include file="TestL23/ar__m00_25.channel.nml"/>
    <Include file="TestL23/cad__beta0_02__phi260000.nml"/>
    <Include file="TestL23/cad__beta0_05__phi520000.nml"/>
    <Include file="TestL23/cal.channel.nml"/>
    <Include file="TestL23/cat_a.channel.nml"/>
    <Include file="TestL23/k2.channel.nml"/>
    <Include file="TestL23/ka.channel.nml"/>
    <Include file="TestL23/kahp_slower.channel.nml"/>
    <Include file="TestL23/kc_fast.channel.nml"/>
    <Include file="TestL23/kdr_fs.channel.nml"/>
    <Include file="TestL23/km.channel.nml"/>
    <Include file="TestL23/naf2__a0__b0__c0__d0__fastNa_shiftmin2_5.channel.nml"/>
    <Include file="TestL23/nap.channel.nml"/>
    <Include file="TestL23/pas.channel.nml"/>
    <Include file="TestL23/SupAxAx.cell.nml"/>
    <Include file="TestL23/cat.channel.nml"/>
    <Include file="TestL23/SupBasket.cell.nml"/>
    <Include file="TestL23/L23PyrRS.cell.nml"/>
    <Include file="TestL23/cad__beta0_01__phi26000.nml"/>
    <Include file="TestL23/cad__beta0_05__phi52000.nml"/>
    <Include file="TestL23/kahp.channel.nml"/>
    <Include file="TestL23/kc.channel.nml"/>
    <Include file="TestL23/kdr.channel.nml"/>
    <Include file="TestL23/naf__a0__b0__c0__d0__fastNa_shiftmin3_5.channel.nml"/>
    <Include file="TestL23.net.nml"/>
   
    <Simulation id="Sim_TestL23" length="200ms" step="0.025ms" target="TestL23" seed="12345">  <!-- Note seed: ensures same random numbers used every run -->
        
        <Display id="DispPop__CG3D_L23PyrRS" title="Membrane potentials of cells in CG3D_L23PyrRS" timeScale="1ms" xmin="-20.0" xmax="220.0" ymin="-90" ymax="50">
            <Line id="CG3D_L23PyrRS[0]: v" quantity="CG3D_L23PyrRS/0/L23PyrRS/v" scale="1mV" color="#6aa799" timeScale="1ms"/>
            <Line id="CG3D_L23PyrRS[1]: v" quantity="CG3D_L23PyrRS/1/L23PyrRS/v" scale="1mV" color="#029a72" timeScale="1ms"/>
            <Line id="CG3D_L23PyrRS[2]: v" quantity="CG3D_L23PyrRS/2/L23PyrRS/v" scale="1mV" color="#d340bb" timeScale="1ms"/>
            <Line id="CG3D_L23PyrRS[3]: v" quantity="CG3D_L23PyrRS/3/L23PyrRS/v" scale="1mV" color="#4c73a9" timeScale="1ms"/>
            <Line id="CG3D_L23PyrRS[4]: v" quantity="CG3D_L23PyrRS/4/L23PyrRS/v" scale="1mV" color="#5e503a" timeScale="1ms"/>
            <Line id="CG3D_L23PyrRS[5]: v" quantity="CG3D_L23PyrRS/5/L23PyrRS/v" scale="1mV" color="#3193ca" timeScale="1ms"/>
            <Line id="CG3D_L23PyrRS[6]: v" quantity="CG3D_L23PyrRS/6/L23PyrRS/v" scale="1mV" color="#90e5e9" timeScale="1ms"/>
            <Line id="CG3D_L23PyrRS[7]: v" quantity="CG3D_L23PyrRS/7/L23PyrRS/v" scale="1mV" color="#29645f" timeScale="1ms"/>
            <Line id="CG3D_L23PyrRS[8]: v" quantity="CG3D_L23PyrRS/8/L23PyrRS/v" scale="1mV" color="#1fcff4" timeScale="1ms"/>
            <Line id="CG3D_L23PyrRS[9]: v" quantity="CG3D_L23PyrRS/9/L23PyrRS/v" scale="1mV" color="#6ed4e9" timeScale="1ms"/>
            <Line id="CG3D_L23PyrRS[10]: v" quantity="CG3D_L23PyrRS/10/L23PyrRS/v" scale="1mV" color="#8fe460" timeScale="1ms"/>
            <Line id="CG3D_L23PyrRS[11]: v" quantity="CG3D_L23PyrRS/11/L23PyrRS/v" scale="1mV" color="#2ca1c7" timeScale="1ms"/>
            <Line id="CG3D_L23PyrRS[12]: v" quantity="CG3D_L23PyrRS/12/L23PyrRS/v" scale="1mV" color="#8d9fe5" timeScale="1ms"/>
            <Line id="CG3D_L23PyrRS[13]: v" quantity="CG3D_L23PyrRS/13/L23PyrRS/v" scale="1mV" color="#5adad1" timeScale="1ms"/>
            <Line id="CG3D_L23PyrRS[14]: v" quantity="CG3D_L23PyrRS/14/L23PyrRS/v" scale="1mV" color="#f543bb" timeScale="1ms"/>
            <Line id="CG3D_L23PyrRS[15]: v" quantity="CG3D_L23PyrRS/15/L23PyrRS/v" scale="1mV" color="#175f0c" timeScale="1ms"/>
            <Line id="CG3D_L23PyrRS[16]: v" quantity="CG3D_L23PyrRS/16/L23PyrRS/v" scale="1mV" color="#fa8826" timeScale="1ms"/>
            <Line id="CG3D_L23PyrRS[17]: v" quantity="CG3D_L23PyrRS/17/L23PyrRS/v" scale="1mV" color="#6980a8" timeScale="1ms"/>
            <Line id="CG3D_L23PyrRS[18]: v" quantity="CG3D_L23PyrRS/18/L23PyrRS/v" scale="1mV" color="#8101e8" timeScale="1ms"/>
            <Line id="CG3D_L23PyrRS[19]: v" quantity="CG3D_L23PyrRS/19/L23PyrRS/v" scale="1mV" color="#25ece8" timeScale="1ms"/>
        </Display>
        
        <Display id="DispPop__CG3D_SupAxAx" title="Membrane potentials of cells in CG3D_SupAxAx" timeScale="1ms" xmin="-20.0" xmax="220.0" ymin="-90" ymax="50">
            <Line id="CG3D_SupAxAx[0]: v" quantity="CG3D_SupAxAx/0/SupAxAx/v" scale="1mV" color="#b80e3b" timeScale="1ms"/>
            <Line id="CG3D_SupAxAx[1]: v" quantity="CG3D_SupAxAx/1/SupAxAx/v" scale="1mV" color="#30a1f6" timeScale="1ms"/>
        </Display>
        
        <Display id="DispPop__CG3D_SupLTS" title="Membrane potentials of cells in CG3D_SupLTS" timeScale="1ms" xmin="-20.0" xmax="220.0" ymin="-90" ymax="50">
            <Line id="CG3D_SupLTS[0]: v" quantity="CG3D_SupLTS/0/SupLTSInter/v" scale="1mV" color="#577081" timeScale="1ms"/>
            <Line id="CG3D_SupLTS[1]: v" quantity="CG3D_SupLTS/1/SupLTSInter/v" scale="1mV" color="#06057c" timeScale="1ms"/>
        </Display>
        
        <Display id="DispPop__CG3D_SupBask" title="Membrane potentials of cells in CG3D_SupBask" timeScale="1ms" xmin="-20.0" xmax="220.0" ymin="-90" ymax="50">
            <Line id="CG3D_SupBask[0]: v" quantity="CG3D_SupBask/0/SupBasket/v" scale="1mV" color="#56eaa3" timeScale="1ms"/>
            <Line id="CG3D_SupBask[1]: v" quantity="CG3D_SupBask/1/SupBasket/v" scale="1mV" color="#f7acee" timeScale="1ms"/>
        </Display>
        
        <OutputFile id="Volts_file__CG3D_L23PyrRS" fileName="Sim_TestL23.CG3D_L23PyrRS.v.dat">
            <OutputColumn id="v_CG3D_L23PyrRS_0_L23PyrRS_v" quantity="CG3D_L23PyrRS/0/L23PyrRS/v"/> 
            <OutputColumn id="v_CG3D_L23PyrRS_1_L23PyrRS_v" quantity="CG3D_L23PyrRS/1/L23PyrRS/v"/> 
            <OutputColumn id="v_CG3D_L23PyrRS_2_L23PyrRS_v" quantity="CG3D_L23PyrRS/2/L23PyrRS/v"/> 
            <OutputColumn id="v_CG3D_L23PyrRS_3_L23PyrRS_v" quantity="CG3D_L23PyrRS/3/L23PyrRS/v"/> 
            <OutputColumn id="v_CG3D_L23PyrRS_4_L23PyrRS_v" quantity="CG3D_L23PyrRS/4/L23PyrRS/v"/> 
            <OutputColumn id="v_CG3D_L23PyrRS_5_L23PyrRS_v" quantity="CG3D_L23PyrRS/5/L23PyrRS/v"/> 
            <OutputColumn id="v_CG3D_L23PyrRS_6_L23PyrRS_v" quantity="CG3D_L23PyrRS/6/L23PyrRS/v"/> 
            <OutputColumn id="v_CG3D_L23PyrRS_7_L23PyrRS_v" quantity="CG3D_L23PyrRS/7/L23PyrRS/v"/> 
            <OutputColumn id="v_CG3D_L23PyrRS_8_L23PyrRS_v" quantity="CG3D_L23PyrRS/8/L23PyrRS/v"/> 
            <OutputColumn id="v_CG3D_L23PyrRS_9_L23PyrRS_v" quantity="CG3D_L23PyrRS/9/L23PyrRS/v"/> 
            <OutputColumn id="v_CG3D_L23PyrRS_10_L23PyrRS_v" quantity="CG3D_L23PyrRS/10/L23PyrRS/v"/> 
            <OutputColumn id="v_CG3D_L23PyrRS_11_L23PyrRS_v" quantity="CG3D_L23PyrRS/11/L23PyrRS/v"/> 
            <OutputColumn id="v_CG3D_L23PyrRS_12_L23PyrRS_v" quantity="CG3D_L23PyrRS/12/L23PyrRS/v"/> 
            <OutputColumn id="v_CG3D_L23PyrRS_13_L23PyrRS_v" quantity="CG3D_L23PyrRS/13/L23PyrRS/v"/> 
            <OutputColumn id="v_CG3D_L23PyrRS_14_L23PyrRS_v" quantity="CG3D_L23PyrRS/14/L23PyrRS/v"/> 
            <OutputColumn id="v_CG3D_L23PyrRS_15_L23PyrRS_v" quantity="CG3D_L23PyrRS/15/L23PyrRS/v"/> 
            <OutputColumn id="v_CG3D_L23PyrRS_16_L23PyrRS_v" quantity="CG3D_L23PyrRS/16/L23PyrRS/v"/> 
            <OutputColumn id="v_CG3D_L23PyrRS_17_L23PyrRS_v" quantity="CG3D_L23PyrRS/17/L23PyrRS/v"/> 
            <OutputColumn id="v_CG3D_L23PyrRS_18_L23PyrRS_v" quantity="CG3D_L23PyrRS/18/L23PyrRS/v"/> 
            <OutputColumn id="v_CG3D_L23PyrRS_19_L23PyrRS_v" quantity="CG3D_L23PyrRS/19/L23PyrRS/v"/> 
        </OutputFile>
        
        <OutputFile id="Volts_file__CG3D_SupAxAx" fileName="Sim_TestL23.CG3D_SupAxAx.v.dat">
            <OutputColumn id="v_CG3D_SupAxAx_0_SupAxAx_v" quantity="CG3D_SupAxAx/0/SupAxAx/v"/> 
            <OutputColumn id="v_CG3D_SupAxAx_1_SupAxAx_v" quantity="CG3D_SupAxAx/1/SupAxAx/v"/> 
        </OutputFile>
        
        <OutputFile id="Volts_file__CG3D_SupLTS" fileName="Sim_TestL23.CG3D_SupLTS.v.dat">
            <OutputColumn id="v_CG3D_SupLTS_0_SupLTSInter_v" quantity="CG3D_SupLTS/0/SupLTSInter/v"/> 
            <OutputColumn id="v_CG3D_SupLTS_1_SupLTSInter_v" quantity="CG3D_SupLTS/1/SupLTSInter/v"/> 
        </OutputFile>
        
        <OutputFile id="Volts_file__CG3D_SupBask" fileName="Sim_TestL23.CG3D_SupBask.v.dat">
            <OutputColumn id="v_CG3D_SupBask_0_SupBasket_v" quantity="CG3D_SupBask/0/SupBasket/v"/> 
            <OutputColumn id="v_CG3D_SupBask_1_SupBasket_v" quantity="CG3D_SupBask/1/SupBasket/v"/> 
        </OutputFile>
        
    </Simulation>

</Lems>
